{
  "type": "minecraft:archaeology",
  "pools": [
    {
      "bonus_rolls": 0.0,
      "entries": [
        {
          "type": "minecraft:item",
          "name": "kobolds:kobold_pottery_shard_one"
        },
        {
          "type": "minecraft:item",
          "name": "kobolds:kobold_pottery_shard_two"
        },
        {
          "type": "minecraft:item",
          "name": "kobolds:kobold_pottery_shard_three"
        },
        {
          "type": "minecraft:item",
          "name": "minecraft:bone"
        },
        {
          "type": "minecraft:item",
          "name": "minecraft:emerald"
        }
      ],
      "rolls": 1.0
    }
  ]
}